game_id,apple_id,reference_name,points,hidden,achievable_more_than_once,earned_description,pre_earned_description,image,source_image,source_case,catalog_status
ABSOLUTE_ENDLESS_HELL,com.infiland.tcc.achievement.absolute_endless_hell,Absolute Endless Hell,10,True,False,Absolute Endless Hell unlocked. Reach the maximum Endless Run difficulty.,Reach the maximum Endless Run difficulty.,docs/release/gamecenter/achievements/absolute_endless_hell.png,sprites/s_endlessAIcon4/3024b6bf-a463-44f6-9792-a83cdf2532e1.png,85,draft asset prepared; not submitted for review
A_FAN_OF_HATS,com.infiland.tcc.achievement.a_fan_of_hats,A Fan of Hats!,10,False,False,A Fan of Hats! unlocked. Buy 10 Hats!,Buy 10 Hats!,docs/release/gamecenter/achievements/a_fan_of_hats.png,sprites/s_hat2AIcon/e30ddf8a-fef1-4944-928e-74df6c7e368f.png,112,draft asset prepared; not submitted for review
A_SMALL_LOAN,com.infiland.tcc.achievement.a_small_loan,A Small Loan!,10,False,False,A Small Loan! unlocked. Have 100 credits in your current balance!,Have 100 credits in your current balance!,docs/release/gamecenter/achievements/a_small_loan.png,sprites/s_C1AIcon/4dbbec57-d159-4798-923a-adcc2c26abe8.png,76,draft asset prepared; not submitted for review
BENCHMARK,com.infiland.tcc.achievement.benchmark,Benchmark,10,False,False,Benchmark unlocked. UserBenchmarks is useless! Run MAX settings!,UserBenchmarks is useless! Run MAX settings!,docs/release/gamecenter/achievements/benchmark.png,sprites/s_highAIcon/5681b410-d931-4f35-bee0-8c130d679435.png,88,draft asset prepared; not submitted for review
BIGROOM_CHALLENGE,com.infiland.tcc.achievement.bigroom_challenge,500m² Apartment,10,False,False,500m² Apartment unlocked. Beat the Big Room Challenge!,Beat the Big Room Challenge!,docs/release/gamecenter/achievements/bigroom_challenge.png,sprites/s_bigroomAIcon/52c856b8-2186-483e-835f-6a17e39dfa1a.png,121,draft asset prepared; not submitted for review
BLIND_CHALLENGE,com.infiland.tcc.achievement.blind_challenge,"UMM, ACTUALLY",10,False,False,"UMM, ACTUALLY unlocked. Beat the Blind Challenge!",Beat the Blind Challenge!,docs/release/gamecenter/achievements/blind_challenge.png,sprites/s_blindAIcon/05ca02af-ec27-41cb-b94e-7bd2b23b7528.png,124,draft asset prepared; not submitted for review
BOSS_KILL_1,com.infiland.tcc.achievement.boss_kill_1,Ketchupt!,10,False,False,Ketchupt! unlocked. Beat the Hotdog Boss!,Beat the Hotdog Boss!,docs/release/gamecenter/achievements/boss_kill_1.png,sprites/s_bossAIcon1/6064823e-60f0-41f8-9a5f-861765325195.png,60,draft asset prepared; not submitted for review
BOSS_KILL_2,com.infiland.tcc.achievement.boss_kill_2,Hammered!,10,False,False,Hammered! unlocked. Beat the Hammer Boss!,Beat the Hammer Boss!,docs/release/gamecenter/achievements/boss_kill_2.png,sprites/s_bossAIcon2/62b9811a-9542-4725-a13b-3ada8a5977ec.png,61,draft asset prepared; not submitted for review
BOSS_KILL_3,com.infiland.tcc.achievement.boss_kill_3,Outplayed!,10,False,False,Outplayed! unlocked. Beat the Piano Boss!,Beat the Piano Boss!,docs/release/gamecenter/achievements/boss_kill_3.png,sprites/s_bossAIcon3/8d59650f-f126-4e6a-afd1-53cd98705817.png,62,draft asset prepared; not submitted for review
BOSS_KILL_4,com.infiland.tcc.achievement.boss_kill_4,Drained!,10,False,False,Drained! unlocked. Beat the Lava Boss!,Beat the Lava Boss!,docs/release/gamecenter/achievements/boss_kill_4.png,sprites/s_bossAIcon4/3ff47633-0a3a-470f-9a64-9361b61090a8.png,63,draft asset prepared; not submitted for review
BREAKABLE_CHALLENGE,com.infiland.tcc.achievement.breakable_challenge,Turn Down for What,10,False,False,Turn Down for What unlocked. Beat the Breakable Challenge,Beat the Breakable Challenge,docs/release/gamecenter/achievements/breakable_challenge.png,sprites/s_breakableAIcon/34e33a00-ec58-4e7a-8bbd-c3077fe7fcf5.png,129,draft asset prepared; not submitted for review
BRONZE_MEDAL,com.infiland.tcc.achievement.bronze_medal,Bronze Medal!,10,False,False,Bronze Medal! unlocked. Earn a bronze medal from a challenge!,Earn a bronze medal from a challenge!,docs/release/gamecenter/achievements/bronze_medal.png,sprites/s_bronzeAIcon/a8bc6816-82d8-41a3-b28b-c34100a3b7b2.png,69,draft asset prepared; not submitted for review
BYE_BYE_LEVEL,com.infiland.tcc.achievement.bye_bye_level,Bye Bye Level!,10,False,False,Bye Bye Level! unlocked. Skip a level using coins!,Skip a level using coins!,docs/release/gamecenter/achievements/bye_bye_level.png,sprites/s_byebyeAIcon/5e1dc3ce-4971-41be-85df-bc6c3e4112e0.png,80,draft asset prepared; not submitted for review
CALENDAR_EASY,com.infiland.tcc.achievement.calendar_easy,Easier Days,10,False,False,Easier Days unlocked. Beat Calendar on Easy,Beat Calendar on Easy,docs/release/gamecenter/achievements/calendar_easy.png,sprites/s_calendareasyAIcon/3043df43-0b28-48e8-bec8-47536983ec1d.png,138,draft asset prepared; not submitted for review
CALENDAR_HARD,com.infiland.tcc.achievement.calendar_hard,Painful Week,10,False,False,Painful Week unlocked. Beat Calendar on Hard,Beat Calendar on Hard,docs/release/gamecenter/achievements/calendar_hard.png,sprites/s_calendarhardAIcon/b609feef-7301-4608-ad93-8795de03c13c.png,140,draft asset prepared; not submitted for review
CALENDAR_MEDIUM,com.infiland.tcc.achievement.calendar_medium,Done with Homework,10,False,False,Done with Homework unlocked. Beat Calendar on Normal,Beat Calendar on Normal,docs/release/gamecenter/achievements/calendar_medium.png,sprites/s_calendarnormalAIcon/69635c24-09e5-44dc-bc74-774bef08f22a.png,139,draft asset prepared; not submitted for review
CHECKPOINT,com.infiland.tcc.achievement.checkpoint,Checkpoint!,10,False,False,Checkpoint! unlocked. Reach your first checkpoint!,Reach your first checkpoint!,docs/release/gamecenter/achievements/checkpoint.png,sprites/s_checkpointAIcon/b8fd8595-ac5b-4d53-b28c-6f659503e11a.png,111,draft asset prepared; not submitted for review
CLICK_THE_HOTDOG,com.infiland.tcc.achievement.click_the_hotdog,Click the Hotdog!,10,True,False,Click the Hotdog! unlocked. You clicked the hotdog! Are you proud of yourself?,You clicked the hotdog! Are you proud of yourself?,docs/release/gamecenter/achievements/click_the_hotdog.png,sprites/s_clickhotdogAIcon/5e1904dd-fa5f-4c51-985d-4340e200671d.png,93,draft asset prepared; not submitted for review
COIN_1,com.infiland.tcc.achievement.coin_1,First Coin!,10,False,False,First Coin! unlocked. Collect your First Coin!,Collect your First Coin!,docs/release/gamecenter/achievements/coin_1.png,sprites/s_CoinAIcon1/5d4e30ae-0146-4335-8e32-576f095c76b0.png,23,draft asset prepared; not submitted for review
COIN_11,com.infiland.tcc.achievement.coin_11,Never Enough...,10,False,False,Never Enough... unlocked. Collect 2500 Coins.,Collect 2500 Coins.,docs/release/gamecenter/achievements/coin_11.png,sprites/s_CoinAIcon11/33f4323b-1599-4c42-9a0e-4532ba854b02.png,33,draft asset prepared; not submitted for review
COIN_5,com.infiland.tcc.achievement.coin_5,Piggy Bank!,10,False,False,Piggy Bank! unlocked. Collect 50 Coins.,Collect 50 Coins.,docs/release/gamecenter/achievements/coin_5.png,sprites/s_CoinAIcon5/d9eb36f1-7a1d-448d-8a91-36d0580d5a8b.png,27,draft asset prepared; not submitted for review
COMMUNITY_CHALLENGE,com.infiland.tcc.achievement.community_challenge,The Players are the best!,10,False,False,The Players are the best! unlocked. Beat the Community Challenge!,Beat the Community Challenge!,docs/release/gamecenter/achievements/community_challenge.png,sprites/s_communityAIcon/6c38f8f7-491e-4a9f-b317-cde6ea9ba6cb.png,131,draft asset prepared; not submitted for review
CORRUPTED_SPIKE_CHALLENGE,com.infiland.tcc.achievement.corrupted_spike_challenge,Very Pointy!,10,False,False,Very Pointy! unlocked. Beat the Corrupted Spike Challenge,Beat the Corrupted Spike Challenge,docs/release/gamecenter/achievements/corrupted_spike_challenge.png,sprites/s_CspikeCHALLENGEAIcon/cfa62ecd-fb0e-4ecf-a059-d82add64926d.png,132,draft asset prepared; not submitted for review
DAILIES,com.infiland.tcc.achievement.dailies,Dailies,10,False,False,Dailies unlocked. Have a streak of 10 in Daily Levels,Have a streak of 10 in Daily Levels,docs/release/gamecenter/achievements/dailies.png,sprites/s_dailiesAIcon/6fe1ef9f-2488-42e8-94d5-f6dbab3c4236.png,145,draft asset prepared; not submitted for review
DEATHS_1,com.infiland.tcc.achievement.deaths_1,First Death!,10,False,False,First Death! unlocked. Die for the first time!,Die for the first time!,docs/release/gamecenter/achievements/deaths_1.png,sprites/s_deathAIcon1/7102a5f7-db9d-4301-99bb-4afc2059aff7.png,12,draft asset prepared; not submitted for review
DEATHS_11,com.infiland.tcc.achievement.deaths_11,Death Addict,10,False,False,Death Addict unlocked. Die a lot,Die a lot,docs/release/gamecenter/achievements/deaths_11.png,sprites/s_deathAIcon11/3cb21d5c-2eff-4778-9689-2abaab1c400d.png,22,draft asset prepared; not submitted for review
DEATHS_5,com.infiland.tcc.achievement.deaths_5,Is my life really like this?,10,False,False,Is my life really like this? unlocked. Die 100 Times.,Die 100 Times.,docs/release/gamecenter/achievements/deaths_5.png,sprites/s_deathAIcon5/f8d097ee-4d77-4a09-a625-83e7564039d1.png,16,draft asset prepared; not submitted for review
DIAMOND_LOVER,com.infiland.tcc.achievement.diamond_lover,Diamond Lover!,10,False,False,Diamond Lover! unlocked. Have 5 challenges that have a diamond medal.,Have 5 challenges that have a diamond medal.,docs/release/gamecenter/achievements/diamond_lover.png,sprites/s_diamond5AIcon/ec15d166-c894-4b37-b22c-49316953dfb3.png,73,draft asset prepared; not submitted for review
DIAMOND_MEDAL,com.infiland.tcc.achievement.diamond_medal,Diamond Medal!,10,False,False,Diamond Medal! unlocked. Earn a diamond medal from a challenge!,Earn a diamond medal from a challenge!,docs/release/gamecenter/achievements/diamond_medal.png,sprites/s_diamondAIcon/8bbc15ab-ab26-4d91-b823-fd4a4fa32a55.png,72,draft asset prepared; not submitted for review
DOUBLEJUMP_CHALLENGE,com.infiland.tcc.achievement.doublejump_challenge,Jumping Addict,10,False,False,Jumping Addict unlocked. Beat the Double Jump Challenge,Beat the Double Jump Challenge,docs/release/gamecenter/achievements/doublejump_challenge.png,sprites/s_doublejumpAIcon/f3deafe7-068d-4161-8df1-dd318832829a.png,123,draft asset prepared; not submitted for review
EASTEREGG_1,com.infiland.tcc.achievement.easteregg_1,An... egg?,10,True,False,An... egg? unlocked. Find a secret path in W2-L3,Find a secret path in W2-L3,docs/release/gamecenter/achievements/easteregg_1.png,sprites/s_eastereggAIcon1/1bdb0854-81d5-439e-8b8e-540e5b35e338.png,57,draft asset prepared; not submitted for review
EASTEREGG_2,com.infiland.tcc.achievement.easteregg_2,Space Shooter Ultimate!,10,True,False,"Space Shooter Ultimate! unlocked. Wait, a SSU reference?!!","Wait, a SSU reference?!!",docs/release/gamecenter/achievements/easteregg_2.png,sprites/s_eastereggAIcon2/d2dfaf5e-eee6-47de-8f1b-3d1eb5c8f520.png,102,draft asset prepared; not submitted for review
EASTEREGG_3,com.infiland.tcc.achievement.easteregg_3,Wrong-Way Platform,10,True,False,Wrong-Way Platform unlocked. Find a secret path in World 4,Find a secret path in World 4,docs/release/gamecenter/achievements/easteregg_3.png,sprites/s_eastereggAIcon3/acaa28c6-75aa-4a12-bad9-bed1ac090733.png,142,draft asset prepared; not submitted for review
EASTEREGG_4,com.infiland.tcc.achievement.easteregg_4,Round and Around,10,True,False,Round and Around unlocked. Find a secret path in World 5,Find a secret path in World 5,docs/release/gamecenter/achievements/easteregg_4.png,sprites/s_eastereggAIcon4/241aa9dc-071f-4280-87fb-ccda3f3c7006.png,143,draft asset prepared; not submitted for review
ENDLESS_BEGINNER,com.infiland.tcc.achievement.endless_beginner,Endless Beginner,10,False,False,Endless Beginner unlocked. Beat 5 Levels in Endless Run,Beat 5 Levels in Endless Run,docs/release/gamecenter/achievements/endless_beginner.png,sprites/s_endlessAIcon1/6705836a-8cc3-4e14-90eb-c02efc6cc88c.png,82,draft asset prepared; not submitted for review
ENDLESS_EXPERT,com.infiland.tcc.achievement.endless_expert,Endless Expert,10,False,False,Endless Expert unlocked. Beat 50 Levels in Endless Run,Beat 50 Levels in Endless Run,docs/release/gamecenter/achievements/endless_expert.png,sprites/s_endlessAIcon3/0e8df730-a551-4699-af37-2d5f4e3248bf.png,84,draft asset prepared; not submitted for review
ENDLESS_MASTER,com.infiland.tcc.achievement.endless_master,Endless Master,10,False,False,Endless Master unlocked. Beat 100 Levels in Endless Run,Beat 100 Levels in Endless Run,docs/release/gamecenter/achievements/endless_master.png,sprites/s_endlessAIcon4/3024b6bf-a463-44f6-9792-a83cdf2532e1.png,85,draft asset prepared; not submitted for review
ENDLESS_RUNNER,com.infiland.tcc.achievement.endless_runner,Endless Runner,10,False,False,Endless Runner unlocked. Beat 20 Levels in Endless Run,Beat 20 Levels in Endless Run,docs/release/gamecenter/achievements/endless_runner.png,sprites/s_endlessAIcon2/0e8d2a23-83aa-4ec3-990a-839a397627e5.png,83,draft asset prepared; not submitted for review
FIRST_CHALLENGE,com.infiland.tcc.achievement.first_challenge,First Challenge!,10,False,False,First Challenge! unlocked. Beat your first challenge!,Beat your first challenge!,docs/release/gamecenter/achievements/first_challenge.png,sprites/s_challengeAIcon/4625d4be-300f-43c4-85f8-7d96befdc288.png,67,draft asset prepared; not submitted for review
FIRST_HAT,com.infiland.tcc.achievement.first_hat,First Hat!,10,False,False,First Hat! unlocked. Buy your very first hat!,Buy your very first hat!,docs/release/gamecenter/achievements/first_hat.png,sprites/s_hatAIcon/b5139cb7-75ae-4894-bdda-ddc681efc80a.png,66,draft asset prepared; not submitted for review
FLAG_GUY,com.infiland.tcc.achievement.flag_guy,Flag Guy,10,False,False,Flag Guy unlocked. Have every single flag hat unlocked!,Have every single flag hat unlocked!,docs/release/gamecenter/achievements/flag_guy.png,sprites/s_flagguyAIcon/2b66bb9f-dede-4892-b30a-486ff3911963.png,89,draft asset prepared; not submitted for review
GOLDEN_SPIKE_DEATH,com.infiland.tcc.achievement.golden_spike_death,Golden Spike Death,10,True,False,Golden Spike Death unlocked. Touch the Golden Spike!,Touch the Golden Spike!,docs/release/gamecenter/achievements/golden_spike_death.png,sprites/s_goldenspikeAIcon/b76d5cf0-ed43-4ff0-887d-fc0b06ccc2c4.png,64,draft asset prepared; not submitted for review
GOLD_MEDAL,com.infiland.tcc.achievement.gold_medal,Gold Medal!,10,False,False,Gold Medal! unlocked. Earn a gold medal from a challenge!,Earn a gold medal from a challenge!,docs/release/gamecenter/achievements/gold_medal.png,sprites/s_goldAIcon/84e6decb-21dd-43e6-9477-5b9875b49508.png,71,draft asset prepared; not submitted for review
GRAYSCALE,com.infiland.tcc.achievement.grayscale,Achromatic Quest,10,False,False,Achromatic Quest unlocked. Beat the game while grayscale is enabled!,Beat the game while grayscale is enabled!,docs/release/gamecenter/achievements/grayscale.png,sprites/s_grayscaleAIcon/b4b7e376-a0fc-4ddb-97ca-76bc8b900f2f.png,59,draft asset prepared; not submitted for review
HAT_COMPLETIONIST,com.infiland.tcc.achievement.hat_completionist,Hat Completionist!,10,False,False,Hat Completionist! unlocked. Gather every hat in the game!,Gather every hat in the game!,docs/release/gamecenter/achievements/hat_completionist.png,sprites/s_hatallAIcon/5c331609-d9b9-4d00-ae4f-b79e707e652c.png,114,draft asset prepared; not submitted for review
HAT_MERCHANT,com.infiland.tcc.achievement.hat_merchant,Hat Merchant,10,False,False,Hat Merchant unlocked. Find and talk to the Hat Merchant,Find and talk to the Hat Merchant,docs/release/gamecenter/achievements/hat_merchant.png,sprites/s_hatmerchantAIcon/a6ab8fb5-89b5-4922-b3d7-47177329a235.png,90,draft asset prepared; not submitted for review
HM_DIFFICULT,com.infiland.tcc.achievement.hm_difficult,Difficult Stuff Man!,10,False,False,Difficult Stuff Man! unlocked. Beat Hardmode on the Difficult Difficulty,Beat Hardmode on the Difficult Difficulty,docs/release/gamecenter/achievements/hm_difficult.png,sprites/s_HMAIcon2/b6b7d56e-8a00-4002-811f-efd7de179a8b.png,95,draft asset prepared; not submitted for review
HM_IMPOSSIBLE,com.infiland.tcc.achievement.hm_impossible,Everything's Possible!,10,False,False,Everything's Possible! unlocked. What could possibly go wrong now?,What could possibly go wrong now?,docs/release/gamecenter/achievements/hm_impossible.png,sprites/s_HMAIcon5/6b22674f-0e0c-480b-a184-1a242ab0b917.png,98,draft asset prepared; not submitted for review
HM_INSANE,com.infiland.tcc.achievement.hm_insane,INSANITY!,10,False,False,INSANITY! unlocked. Beat Hardmode on the Insane Difficulty,Beat Hardmode on the Insane Difficulty,docs/release/gamecenter/achievements/hm_insane.png,sprites/s_HMAIcon3/ad8e204f-1b15-46a5-b119-590c445dd1fc.png,96,draft asset prepared; not submitted for review
HM_MEDIUM,com.infiland.tcc.achievement.hm_medium,First Hardmode Win!,10,False,False,First Hardmode Win! unlocked. Beat the Hardmode for the first time!,Beat the Hardmode for the first time!,docs/release/gamecenter/achievements/hm_medium.png,sprites/s_HMAIcon1/91a5d764-23c8-4400-82eb-ef0307726f87.png,94,draft asset prepared; not submitted for review
HM_RIDICULOUS,com.infiland.tcc.achievement.hm_ridiculous,Absurd Difficulty!,10,False,False,Absurd Difficulty! unlocked. Beat Hardmode on the Ridiculous Difficulty,Beat Hardmode on the Ridiculous Difficulty,docs/release/gamecenter/achievements/hm_ridiculous.png,sprites/s_HMAIcon4/115499f6-f4e6-4410-9b2a-71566554c79e.png,97,draft asset prepared; not submitted for review
HM_YEAHGL,com.infiland.tcc.achievement.hm_yeahgl,Luck was given!,10,False,False,Luck was given! unlocked. But now the suffering begins...,But now the suffering begins...,docs/release/gamecenter/achievements/hm_yeahgl.png,sprites/s_HMAIcon6/a1c6196a-5f29-412c-9c27-e51446a414c1.png,99,draft asset prepared; not submitted for review
INVISIBLE_CHALLENGE,com.infiland.tcc.achievement.invisible_challenge,Fading Problem Resolved,10,False,False,Fading Problem Resolved unlocked. Beat the Invisible Challenge!,Beat the Invisible Challenge!,docs/release/gamecenter/achievements/invisible_challenge.png,sprites/s_invisibleCHALLENGEAIcon/f3714241-4566-4960-9974-6cedbcb5b3fb.png,120,draft asset prepared; not submitted for review
INVISIBLE_SKIN,com.infiland.tcc.achievement.invisible_skin,The Unseen,10,False,False,The Unseen unlocked. Beat the game while the player is fully invisible!,Beat the game while the player is fully invisible!,docs/release/gamecenter/achievements/invisible_skin.png,sprites/s_invisibleAIcon/e96f6d73-39a6-476f-bf5e-846c51e0b527.png,58,draft asset prepared; not submitted for review
JACKPOT,com.infiland.tcc.achievement.jackpot,Jackpot,10,False,False,Jackpot unlocked. Get 250 credits from the wheel,Get 250 credits from the wheel,docs/release/gamecenter/achievements/jackpot.png,sprites/s_jackpotAIcon/3af92121-0cb6-438d-8cd9-d8caa0e26b01.png,147,draft asset prepared; not submitted for review
JUMP_1,com.infiland.tcc.achievement.jump_1,First Jump!,10,False,False,First Jump! unlocked. Jump for the first time!,Jump for the first time!,docs/release/gamecenter/achievements/jump_1.png,sprites/s_JumpAIcon1/31da67f3-3166-4d5b-8176-7297b22fc638.png,45,draft asset prepared; not submitted for review
JUMP_11,com.infiland.tcc.achievement.jump_11,The Plumber,10,False,False,The Plumber unlocked. Jump a lot,Jump a lot,docs/release/gamecenter/achievements/jump_11.png,sprites/s_JumpAIcon11/19d98b1e-05c7-4358-89de-aa822cacbb37.png,55,draft asset prepared; not submitted for review
JUMP_5,com.infiland.tcc.achievement.jump_5,Jumpster!,10,False,False,Jumpster! unlocked. Jump 1000 Times.,Jump 1000 Times.,docs/release/gamecenter/achievements/jump_5.png,sprites/s_JumpAIcon5/85470acd-f6bc-4ba9-8019-55dbfc1aa028.png,49,draft asset prepared; not submitted for review
KAIZO_CHALLENGE,com.infiland.tcc.achievement.kaizo_challenge,KAAAAZOOOOO!,10,False,False,KAAAAZOOOOO! unlocked. Beat the Kaizo Challenge.,Beat the Kaizo Challenge.,docs/release/gamecenter/achievements/kaizo_challenge.png,sprites/s_kaizoAIcon/f487e62b-5c56-4dfe-8ea5-6bdbf74c8e2d.png,104,draft asset prepared; not submitted for review
LADDER_CHALLENGE,com.infiland.tcc.achievement.ladder_challenge,Ladders!,10,False,False,Ladders! unlocked. Beat the Ladder Challenge!,Beat the Ladder Challenge!,docs/release/gamecenter/achievements/ladder_challenge.png,sprites/s_ladderAIcon/47295ca8-9cfe-48de-a23b-fec33eb2c204.png,119,draft asset prepared; not submitted for review
LEVEL_COMPLETION_1,com.infiland.tcc.achievement.level_completion_1,Your Adventure Begins,5,False,False,Your Adventure Begins unlocked. Complete the 1st Level,Complete the 1st Level,docs/release/gamecenter/achievements/level_completion_1.png,sprites/s_levelcompleteAIcon1/a2af0fbd-46af-470c-8da3-b3ec2ca02b16.png,1,draft asset prepared; not submitted for review
LEVEL_COMPLETION_11,com.infiland.tcc.achievement.level_completion_11,TCC Addict!,10,False,False,TCC Addict! unlocked. Complete 2500 Levels!,Complete 2500 Levels!,docs/release/gamecenter/achievements/level_completion_11.png,sprites/s_levelcompleteAIcon11/40241acb-44b4-4100-a25b-99f35fdc81d0.png,11,draft asset prepared; not submitted for review
LEVEL_COMPLETION_5,com.infiland.tcc.achievement.level_completion_5,How much is there?,10,False,False,How much is there? unlocked. Complete 50 Levels!,Complete 50 Levels!,docs/release/gamecenter/achievements/level_completion_5.png,sprites/s_levelcompleteAIcon5/2b813e3e-e7fe-4030-9fd7-1558fd78335f.png,5,draft asset prepared; not submitted for review
MONEY_SAVER,com.infiland.tcc.achievement.money_saver,Money Saver!,10,False,False,"Money Saver! unlocked. Have 1,000 credits in your current balance!","Have 1,000 credits in your current balance!",docs/release/gamecenter/achievements/money_saver.png,sprites/s_C2AIcon/909c805a-3248-45c9-94dc-a049089df3d9.png,77,draft asset prepared; not submitted for review
MOVING_CHALLENGE,com.infiland.tcc.achievement.moving_challenge,Grooving Guy,10,False,False,Grooving Guy unlocked. Beat the Moving Challenge!,Beat the Moving Challenge!,docs/release/gamecenter/achievements/moving_challenge.png,sprites/s_movingAIcon/51d2a2a6-33ec-4da4-abf7-c183b5641e41.png,128,draft asset prepared; not submitted for review
OH_NO_THERES_MORE,com.infiland.tcc.achievement.oh_no_theres_more,"Oh no, there's more!",10,True,False,"Oh no, there's more! unlocked. Discover the Hardmode section of the game.",Discover the Hardmode section of the game.,docs/release/gamecenter/achievements/oh_no_theres_more.png,sprites/s_ohnotheresmoreAIcon/cea6c04f-ff6a-4482-b810-b1cbc6a5c203.png,92,draft asset prepared; not submitted for review
PERFECT_CHALLENGE,com.infiland.tcc.achievement.perfect_challenge,Perfect!,10,False,False,Perfect! unlocked. Beat any challenge without dying!,Beat any challenge without dying!,docs/release/gamecenter/achievements/perfect_challenge.png,sprites/s_PchallengeAIcon/0d93709d-8247-470e-8fb2-8640aac77893.png,68,draft asset prepared; not submitted for review
POTATO_SETTINGS,com.infiland.tcc.achievement.potato_settings,Potato Settings,10,False,False,Potato Settings unlocked. Turn the graphics settings all the way down.,Turn the graphics settings all the way down.,docs/release/gamecenter/achievements/potato_settings.png,sprites/s_poorAIcon/954955c1-d25e-4435-9bb6-562161845676.png,87,draft asset prepared; not submitted for review
SILVER_MEDAL,com.infiland.tcc.achievement.silver_medal,Silver Medal!,10,False,False,Silver Medal! unlocked. Earn a silver medal from a challenge!,Earn a silver medal from a challenge!,docs/release/gamecenter/achievements/silver_medal.png,sprites/s_silverAIcon/3ab5d81c-5200-46f7-82bf-8086d70040aa.png,70,draft asset prepared; not submitted for review
SKIN_COMPLETIONIST,com.infiland.tcc.achievement.skin_completionist,Skin Completionist!,10,False,False,Skin Completionist! unlocked. Gather every skin in the game!,Gather every skin in the game!,docs/release/gamecenter/achievements/skin_completionist.png,sprites/s_skinallAIcon/550ef0cf-369f-4254-8906-aead7c6d78fc.png,113,draft asset prepared; not submitted for review
SLIPPERY_CHALLENGE,com.infiland.tcc.achievement.slippery_challenge,The Floor is Wet,10,False,False,The Floor is Wet unlocked. Beat the Slippery Challenge!,Beat the Slippery Challenge!,docs/release/gamecenter/achievements/slippery_challenge.png,sprites/s_slipperyAIcon/c2e03a2b-7af8-4c2d-ba8f-1c4a0efd33f6.png,122,draft asset prepared; not submitted for review
SPEED_CHALLENGE,com.infiland.tcc.achievement.speed_challenge,Athletics!,10,False,False,Athletics! unlocked. Beat the Speed Challenge,Beat the Speed Challenge,docs/release/gamecenter/achievements/speed_challenge.png,sprites/s_speedAIcon/318e992f-32e9-4ff0-8b97-a3d34a6d5bd5.png,126,draft asset prepared; not submitted for review
SPIKE_CHALLENGE,com.infiland.tcc.achievement.spike_challenge,Pointy!,10,False,False,Pointy! unlocked. Beat the Spike Challenge!,Beat the Spike Challenge!,docs/release/gamecenter/achievements/spike_challenge.png,sprites/s_spikeCHALLENGEAIcon/41c05f68-0e98-4410-9e79-4e6a5a481936.png,130,draft asset prepared; not submitted for review
SPINNNNN,com.infiland.tcc.achievement.spinnnnn,Spinnnnnn,10,False,False,Spinnnnnn unlocked. Get the settings button spin 1000 pixels away from it's position,Get the settings button spin 1000 pixels away from it's position,docs/release/gamecenter/achievements/spinnnnn.png,sprites/s_spinnnnnAIcon/f4917b91-19e8-48e2-94be-ca729d42974d.png,141,draft asset prepared; not submitted for review
THE_ANTI_DEATH,com.infiland.tcc.achievement.the_anti_death,The Anti-Death,10,False,False,The Anti-Death unlocked. Have 5 challenges that have a 'Perfect' rating.,Have 5 challenges that have a 'Perfect' rating.,docs/release/gamecenter/achievements/the_anti_death.png,sprites/s_antideathAIcon/20d84de1-0307-4d4e-a793-9cf01fce1674.png,74,draft asset prepared; not submitted for review
THE_CROWN,com.infiland.tcc.achievement.the_crown,The Crown,10,False,False,The Crown unlocked. Get the True Ending of the game,Get the True Ending of the game,docs/release/gamecenter/achievements/the_crown.png,sprites/s_thecrownAIcon/cdbd8245-e8bc-4a50-8256-103f301b9af9.png,146,draft asset prepared; not submitted for review
THE_GLITTERING_RICH,com.infiland.tcc.achievement.the_glittering_rich,The Glittering Rich,10,False,False,"The Glittering Rich unlocked. Have 10,000 credits in your current balance!","Have 10,000 credits in your current balance!",docs/release/gamecenter/achievements/the_glittering_rich.png,sprites/s_C3AIcon/9c2877ed-dcd0-4d03-8b58-1ec52c14eb01.png,78,draft asset prepared; not submitted for review
THE_REVERSE_PROBLEM,com.infiland.tcc.achievement.the_reverse_problem,The Reverse Problem,10,False,False,The Reverse Problem unlocked. Beat the game with reversed controls! (Reversed Left/Right and Jump/Interact),Beat the game with reversed controls! (Reversed Left/Right and Jump/Interact),docs/release/gamecenter/achievements/the_reverse_problem.png,sprites/s_reverseAIcon/e70c15c8-2af0-4f26-b19a-d46531092ed2.png,79,draft asset prepared; not submitted for review
TORCHERD,com.infiland.tcc.achievement.torcherd,Torched,10,True,False,Torched unlocked. Touch the Golden Spike!,Touch the Golden Spike!,docs/release/gamecenter/achievements/torcherd.png,sprites/s_goldenspikeAIcon/b76d5cf0-ed43-4ff0-887d-fc0b06ccc2c4.png,64,draft asset prepared; not submitted for review
TROOP_CHALLENGE,com.infiland.tcc.achievement.troop_challenge,Dark Knight of the Troops,10,False,False,Dark Knight of the Troops unlocked. Beat the Troop Challenge.,Beat the Troop Challenge.,docs/release/gamecenter/achievements/troop_challenge.png,sprites/s_troopAIcon/0bece5f4-077f-4141-9a06-49d9372c934c.png,125,draft asset prepared; not submitted for review
TUTORIAL_CHALLENGE,com.infiland.tcc.achievement.tutorial_challenge,Tutorial Challenge,10,False,False,Tutorial Challenge unlocked. Beat the Tutorial Challenge!,Beat the Tutorial Challenge!,docs/release/gamecenter/achievements/tutorial_challenge.png,sprites/s_tutorialAIcon/e797d5cc-13e8-4521-9d18-d42a6938afbe.png,118,draft asset prepared; not submitted for review
UH_OH,com.infiland.tcc.achievement.uh_oh,Uh Oh...,10,True,False,Uh Oh... unlocked. Realise that you can't skip a level and that you basically ran out of coins to spend.,Realise that you can't skip a level and that you basically ran out of coins to spend.,docs/release/gamecenter/achievements/uh_oh.png,sprites/s_byebye2AIcon/dda2630c-5d14-45bb-b77b-d38ca22056bc.png,81,draft asset prepared; not submitted for review
WATER_CHALLENGE,com.infiland.tcc.achievement.water_challenge,Real Breather,10,False,False,Real Breather unlocked. Beat the Water Challenge!,Beat the Water Challenge!,docs/release/gamecenter/achievements/water_challenge.png,sprites/s_waterAIcon/b0069e12-227e-4a84-8beb-a10fb4544e5a.png,127,draft asset prepared; not submitted for review
WEIRD_SPIKE_DEATH,com.infiland.tcc.achievement.weird_spike_death,Weird Spike Death,10,True,False,Weird Spike Death unlocked. Touch the Weird Spike!,Touch the Weird Spike!,docs/release/gamecenter/achievements/weird_spike_death.png,sprites/s_weirdspikeAIcon/a7746328-3611-48ae-aa49-0a1a81e51c86.png,65,draft asset prepared; not submitted for review
WORLD_1_QUICK,com.infiland.tcc.achievement.world_1_quick,Quick Hotdog Execution,10,False,False,Quick Hotdog Execution unlocked. Beat World 1 under 2 minutes.,Beat World 1 under 2 minutes.,docs/release/gamecenter/achievements/world_1_quick.png,sprites/s_world1quickAIcon/1a4fde4d-2941-4228-9e9b-09d7a6b5884e.png,105,draft asset prepared; not submitted for review
WORLD_2_QUICK,com.infiland.tcc.achievement.world_2_quick,Spikes Don't Run as Fast!,10,False,False,Spikes Don't Run as Fast! unlocked. Beat World 2 under 3 minutes.,Beat World 2 under 3 minutes.,docs/release/gamecenter/achievements/world_2_quick.png,sprites/s_world2quickAIcon/804d975b-201b-4323-87fb-7118c742dc71.png,106,draft asset prepared; not submitted for review
WORLD_3_QUICK,com.infiland.tcc.achievement.world_3_quick,Platforms are Slow!,10,False,False,Platforms are Slow! unlocked. Beat World 3 under 4 minutes.,Beat World 3 under 4 minutes.,docs/release/gamecenter/achievements/world_3_quick.png,sprites/s_world3quickAIcon/82f5e0fc-a8b8-439c-8cf0-bcc57a708b7e.png,107,draft asset prepared; not submitted for review
WORLD_4_QUICK,com.infiland.tcc.achievement.world_4_quick,Maybe the Time is Corrupted!,10,False,False,Maybe the Time is Corrupted! unlocked. Beat World 4 under 5 minutes.,Beat World 4 under 5 minutes.,docs/release/gamecenter/achievements/world_4_quick.png,sprites/s_world4quickAIcon/034f15e2-eb1e-4ea3-b1b6-7ab6a0ce7d97.png,108,draft asset prepared; not submitted for review
WORLD_5_QUICK,com.infiland.tcc.achievement.world_5_quick,VROOOOOM,10,False,False,VROOOOOM unlocked. Beat World 5 under 6 minutes.,Beat World 5 under 6 minutes.,docs/release/gamecenter/achievements/world_5_quick.png,sprites/s_world5quickAIcon/203cc928-b9dc-4419-91fa-97b16170f3af.png,109,draft asset prepared; not submitted for review
WORLD_6,com.infiland.tcc.achievement.world_6,A World Revisited,10,True,False,A World Revisited unlocked. Beat the World 6 Challenge.,Beat the World 6 Challenge.,docs/release/gamecenter/achievements/world_6.png,sprites/s_world6AIcon/36e11744-7c43-466a-b5cf-3a66b4caf32c.png,115,draft asset prepared; not submitted for review
WORLD_7,com.infiland.tcc.achievement.world_7,Buffed Spikes!,10,True,False,Buffed Spikes! unlocked. Beat the World 7 Challenge.,Beat the World 7 Challenge.,docs/release/gamecenter/achievements/world_7.png,sprites/s_world7AIcon/58909630-cf20-4eb8-af16-cd8f4166f235.png,116,draft asset prepared; not submitted for review
WORLD_WIDE_WEB,com.infiland.tcc.achievement.world_wide_web,World Wide Web,10,False,False,World Wide Web unlocked. Check out any of the socials!,Check out any of the socials!,docs/release/gamecenter/achievements/world_wide_web.png,sprites/s_worldwidewebAIcon/68fd98d8-d365-4999-b5a4-92d50aea9971.png,148,draft asset prepared; not submitted for review
YOU_WIN,com.infiland.tcc.achievement.you_win,You win!,10,False,False,"You win! unlocked. Beat the main game! But, is it really over yet?","Beat the main game! But, is it really over yet?",docs/release/gamecenter/achievements/you_win.png,sprites/s_youwinAIcon/09af47b9-5554-4509-ab96-9901c299b746.png,91,draft asset prepared; not submitted for review
